0,1
Code ofVirginiaSection,Section this Code
1-13 et seq.,Ch. 1
1-13.3,1-2
"1-13.6, 1-13.7",1-2
1-13.9,1-4
"1-13.15, 1-13.16",1-2
1-13.19,1-2
1-13.23,1-2
1-13.26,1-2
1-13.28,1-2
1-13.32,1-2
1-17.1,1-7
2.1-340 et seq.,Ch. 2
2.1-517,Ch. 22
2.1-639.1 et seq.,Ch. 2
3.1-796.66 et seq.,Ch. 14
,14-51
,14-53
,14-61
3.1-796.88,14-54
3.1-796.92,14-60
3.1-796.93:1,"Ch. 14, Art. II, Div. 3"
3.1-796.96,14-57
,14-116
3.1-796.97:1,"Ch. 14, Art. II, Div. 4"
3.1-796.101,14-55—14-57
3.1-796.105,14-90
3.1-796.118,14-56
3.1-796.119,14-83
3.1-796.121,14-60
3.1-796.128,Ch. 14
4.1-128 et seq.,Ch. 6
5.1-31 et seq.,Ch. 18
8.01-386,1-1
10.1-506 et seq.,42-31
10.1-560,42-31
10.1-560 et seq.,Ch. 42
,42-33
10.1-563,42-33
10.1-56510.1-566,"42-34, 42-35"
10.1-568,42-37
10.1-569,42-36
10.1-600 et seq.,Ch. 50
10.1-604 et seq.,42-31
10.1-1100 et seq.,42-31
10.1-1142,46-1
10.1-1163(B),42-31
10.1-1400 et seq.,Ch. 62
10.1-1408.1,62-71
,62-75
11-35 et seq.,Ch. 2
tit. 15.2,22-96
,22-114
,"App. A, § 9-12"
,"App. A, § 10-26"
,"App. B, § 6-3"
"tit. 15.2, ch. 64",26-101
,26-102
15.2-106,Ch. 2
15.2-300 et seq.,Ch. 2
15.2-900,Ch. 42
15.2-901,Ch. 54
,Ch. 62
,62-39
15.2-904,Ch. 74
15.2-906,Ch. 22
15.2-915,Ch. 58
15.2-921,Ch. 22
15.2-922,Ch. 46
15.2-927 et seq.,Ch. 62
15.2-929,"Ch. 62, Art. III"
,62-71
15.2-1119,Ch. 54
15.2-1200 et seq.,Ch. 2
,54-88
15.2-1300,14-51
15.2-1400 et seq.,Ch. 2
15.2-1429,1-8
15.2-1433,1-1
,1-11
15.2-1716,74-1
15.2-2109,54-88
15.2-2200 et seq.,"App. B, § 1-2"
15.2-2200,"App. A, § 2-3"
15.2-2201,"App. A, § 8-4"
,"App. A, § 9-22"
15.2-2204,"App. A, § 8-4"
,"App. A, § 8-9"
,"App. A, § 9-32"
,"App. A, § 10-13"
,"App. A, § 10-14"
,"App. B, § 3-6"
15.2-2240 et seq.,"App. B, § 1-2"
,"App. B, § 1-3"
15.2-2241,"App. A, § 10-22"
15.2-2241.5,"App. B, § 6-15"
15.2-2242.4,"App. B, § 5-3"
15.2-2243,"App. B, § 5-2"
15.2-2260,"App. B, § 6-11"
15.2-2264,"App. B, § 6-26"
15.2-2270 et seq.,"App. B, § 6-25"
15.2-2280,"App. A, § 2-2"
15.2-2283 et seq.,54-88
15.2-2283,"App. A, § 2-3"
15.2-2284,"App. A, § 2-4"
15.2-2285,"App. A, § 8-11"
,"App. A, § 10-10"
15.2-2286,"App. A, § 10-10"
15.2-2294,Ch. 18
15.2-2297 et seq.,"App. A, § 10-20"
15.2-2304,"App. A, § 9-13"
15.2-2307,"App. A, § 3-15"
,"App. A, § 5-68"
,"App. A, § 6-1"
15.2-2308,"App. A, § 9-10"
15.2-2309,"App. A, § 9-20"
15.2-2314,"App. A, § 9-36"
15.2-2500 et seq.,Ch. 2
15.2-2600 et seq.,Ch. 2
15.2-2800 et seq.,Ch. 42
"tit. 16.1, ch. 11, art. 9",74-2
16.1-123.1,Ch. 34
16.1-278 et seq.,74-2
"tit. 18.2, ch. 7, art. 2",74-2
tit. 18.2,Ch. 58
18.2-11,Ch. 1
"18.2-11, 18.2-12",1-8
18.2-51.4,74-1
18.2-165.1,Ch. 30
18.2-187.1,Ch. 30
18.2-266 et seq.,74-2
18.2-266.1,74-1
18.2-287,Ch. 58
18.2-287.1,58-31
18.2-323,Ch. 14
18.2-340.15 et seq.,Ch. 10
18.2-389,Ch. 58
18.2-403.1 et seq.,Ch. 14
18.2-43218.2-433,Ch. 10
18.2-510,Ch. 14
19.2-265.2,1-1
24.2-304.1 et seq.,Ch. 38
24.2-304.3,38-45
24.2-307,38-37
,38-39
24.2-310,38-37
,38-39
24.2-311,38-43
24.2-712,38-1
27-3,Ch. 70
27-6.1 et seq.,Ch. 46
27-30 et seq.,Ch. 46
27-39 et seq.,Ch. 46
27-97,Ch. 46
29.1-526,Ch. 14
,58-52
29.1-52729.1-528,Ch. 14
29.1-738.02,74-1
32.1-164.2 et seq.,54-88
32.1-164.5 et seq.,54-87
33.1-1 et seq.,Ch. 66
33.1-224 et seq.,Ch. 66
36-70 et seq.,Ch. 22
36-97 et seq.,Ch. 22
36-99.11,Ch. 74
36-105,"Ch. 22, Art. II, Div. 2"
42.1-76 et seq.,Ch. 2
42.2-70,34-4
"tit. 46.2, ch. 13",74-2
46.2-600 et seq.,74-34
46.2-698,74-31
46.2-752 et seq.,Ch. 74
,74-33
46.2-894,74-1
46.2-1052,74-38
46.2-1200 et seq.,Ch. 74
46.2-1212,Ch. 74
46.2-1216,Ch. 74
46.2-1220,Ch. 74
46.2-1300 et seq.,Ch. 74
46.2-1600 et seq.,"App. A, § 1-2"
49-9,1-2
54.1-400,"App. B, § 5-5"
54.1-1117,Ch. 22
54.1-3401,"App. A, § 1-2"
54.1-3806,14-111
"tit. 55, ch. 4.2","App. A, § 1-2"
"tit. 55, ch. 26","App. A, § 10-22"
55-202 et seq.,Ch. 14
tit. 58.1,70-5
58.1-6 et seq.,Ch. 70
58.1-134,70-6
58.1-520 et seq.,Ch. 70
58.1-605 et seq.,Ch. 70
58.1-1208 et seq.,Ch. 70
58.1-1717.1,70-6
58.1-1718,70-6
58.1-3000 et seq.,Ch. 70
58.1-3292,70-3
58.1-3403,70-36
58.1-3518,70-154
58.1-3523,70-126
58.1-3620,Ch. 50
58.1-3700 et seq.,Ch. 26
58.1-3701,Ch. 26
58.1-3714,Ch. 26
58.1-3728,Ch. 26
58.1-3731,"Ch. 26, Art. II, Div. 2"
58.1-3805,70-6
58.1-3812 et seq.,"Ch. 70, Art. III"
58.1-3813,"Ch. 70, Art. III, Div. 2"
,70-103
58.1-3833,Ch. 6
58.1-3900,70-154
58.1-3900 et seq.,Ch. 70
59.1-142,46-31
59.1-142 et seq.,Ch. 46
,"Ch. 46, Art. II"
59.1-144,46-32
59.1-145,46-34
59.1-147,46-33
59.1-148,"Ch. 46, Art. II"
62.1-44.19:3,54-87
,54-88
62.1-255,"App. A, § 2-3"
63.1-195,"App. A, § 1-2"
64.1-135,70-6
